Company	Website	Founder Name	Founder Profile	Email / LinkedIn	What they sell	Billing / Paddle?	Launch stage	Issue noticed	Date contacted	Replied?	Call booked?	Audit sent?	Paid?	LinkedIn status	Next action	Notes
Munch Studio	https://munchstudio.com	Munch Studio team	https://www.producthunt.com/products/munch-studio	Product Hunt launch team	AI social media manager for small businesses	Likely paid plans; SMB marketing SaaS	Launched in 2025	Small-business-facing offer with clear automation promise; legal/trust and billing clarity should be audited before outreach.								B2_high_fit
PostNitro	https://postnitro.ai	Muneeb Awan	https://www.producthunt.com/posts/postnitro-ai	Product Hunt maker	AI carousel post generator for creators and marketers	Free + paid upgrade motion	Launched in 2024	Creator/marketer audience with likely lean ops; homepage trust, refund, and terms clarity should be reviewed.								B2_high_fit
Tugan.ai	https://tugan.ai	Baptiste	https://www.producthunt.com/posts/tugan-ai	Product Hunt maker	AI tool for marketing emails and copy generation	Multiple pricing options mentioned publicly	Launched in 2023	Clear monetization and SMB fit; strong candidate for a launch-legal audit around terms, privacy, and billing wording.								B2_high_fit
ContentPie	https://contentpie.ai	Eugene Zolotarenko	https://www.producthunt.com/posts/contentpie	Product Hunt maker	AI SEO content creation for marketers and small teams	Free options + paid growth motion	Launched in 2024	SEO/content SaaS for lean teams; legal/trust surface is likely secondary and worth auditing.								B2_high_fit
Kaylin AI	https://www.kaylinai.com	Suraj	https://www.producthunt.com/posts/1012647	Product Hunt maker	Full-service AI marketing for small businesses	Discounted plans mentioned publicly	Launched in 2025	Strong small-business positioning and clear paid motion; good fit for policy/trust review before scaling.								B2_high_fit
SEO Magic	https://seo-magic.vercel.app	SEO Magic team	https://www.producthunt.com/posts/949742	Product Hunt product page	AI SEO tool for bloggers and small businesses	Starts at $29/month	Launched in 2025	Small-business and blogger audience with simple pricing; likely high fit for legal page cleanup.								B2_high_fit
Tab	https://withtab.blog	Tab team	https://www.producthunt.com/products/tab-the-automated-blog	Product Hunt product page	Automated AI blog for startup founders	$50/month for 12 months shown publicly	Launched in 2025	Solo-founder/startup audience; billing and cancellation language should be checked before outreach.								B2_high_fit
LocalBot AI	https://localbot.ai	Cosmin Gabriel	https://www.producthunt.com/posts/localbot-ai	Product Hunt maker	AI assistant for local small businesses	Free options + paid motion	Launched in 2023	Very strong non-technical SMB pain fit; trust/legal pages likely not core and worth auditing.								B2_high_fit
AI Suggests	https://ai-suggests.com	thomas	https://www.producthunt.com/products/ai-suggests	Product Hunt maker	Content AI assistant for creators and web builders	Credit-based + free templates	Launched in 2023	First-time SaaS founder with creator-facing product; likely high fit for lightweight legal/trust support.								B2_high_fit
EZAi AI	https://ezai.app	EZAi team	https://www.producthunt.com/products/ezai-ai-content-creation-app	Product Hunt product page	AI content creation for small business owners	Free trial / app-led paid motion	Launched in 2023	Small-business-friendly messaging and content use case; likely needs stronger public legal surface.								B2_high_fit
Adout.ai	https://adout.ai	Adout.ai team	https://www.producthunt.com/posts/adout-ai	Product Hunt product page	AI display ad creation for small agencies and startups	Free version mentioned publicly	Launched in 2023	Agency/startup audience with lean execution; privacy/terms/billing clarity likely under-optimized.								B2_high_fit
Pixelesq	https://pixelesq.com	Pixelesq team	https://www.producthunt.com/posts/990827	Product Hunt product page	AI-native website builder for small businesses	Free options mentioned publicly	Launched in 2025	Website builder for non-technical SMBs; strong fit for launch-readiness and trust/legal outreach.								B2_high_fit
DIY Websites AI Website Builder	https://diywebsites.ai	DIY Websites team	https://www.producthunt.com/posts/diy-websites-ai-website-builder	Product Hunt product page	AI one-page website builder for businesses	Likely freemium / upgrade motion	Launched in 2025	Targets businesses that often underinvest in policies and trust pages; strong fit.								B2_high_fit
CreateWise AI	https://createwise.ai	Arya Zhao	https://www.producthunt.com/products/createwise-ai	Product Hunt maker	AI podcast editing and repurposing assistant	Try for free / paid upgrade	Launched in 2025	Creator tool with public pricing motion and fast launch angle; trust/legal review may be useful.								B2_high_fit
Podcast Genie	https://podcastgenie.ai	Ritesh Kanjee	https://www.producthunt.com/posts/501708	Product Hunt maker	AI podcast creation tool	Free options	Launched in 2024	Creator-focused SaaS with simple use case; good fit for lightweight legal page outreach.								B2_high_fit
Jellypod	https://www.jellypod.com	Jellypod team	https://www.producthunt.com/posts/942921	Product Hunt product page	AI podcast creation and publishing studio	Free options + paid upgrade	Launched in 2025	Fast-growing creator SaaS; legal/trust surface should be checked before heavier paid acquisition.								B2_queue
2pods	https://www.2pods.net	Zafir Khalid	https://www.producthunt.com/posts/2pods	Product Hunt maker	Automated AI podcasting pipeline	Free options	Launched in 2023	Small launch and clear automation use case; candidate for basic legal and trust audit.								B2_queue
Overlap AI	https://overlap.ai	Jonathan	https://www.producthunt.com/posts/967694	Product Hunt maker	AI video clipping and marketing agent	Free / launch discount motion	Launched in 2025	More capable team than ideal, but still in content-marketing lane and potentially relevant.								B2_queue
Repurposely.ai	https://www.repurposely.ai	Repurposely.ai founder/team	https://www.repurposely.ai	Work email capture on website	AI content repurposing for agencies, solo creators, and content teams	Founder pricing / private beta	Private beta in 2025	Early-stage, founder-led, and pricing-focused public beta; strong signal for launch-readiness outreach.								B2_queue
Contents.ai	https://contents.ai	Alessandra Piccioni	https://www.producthunt.com/posts/contents-com	Product Hunt maker	Generative AI platform for SEO content	Free options	Launched in 2023	Marketing content platform with public plans and multilingual positioning; audit fit is moderate.								B2_queue
AI Content Labs	https://www.aicontentlabs.com	AI Content Labs team	https://www.producthunt.com/posts/ai-content-labs	Product Hunt product page	AI content creation platform using multiple providers	Free options	Launched in 2023	Content SaaS with clear speed/cost value prop; legal/trust pages likely not core product focus.								B2_queue
Narrato	https://narrato.io	Narrato team	https://www.producthunt.com/posts/ai-content-genie	Product Hunt product page	AI content creation and marketing workspace	Paid marketing workspace motion	Launched in 2023	Content/marketing workspace with broader team focus; still relevant but less urgent than solo-founder tools.								B2_queue
Planable AI	https://planable.io	Planable team	https://www.producthunt.com/posts/planable-ai	Product Hunt product page	Social media planning and AI copy help	Paid social media SaaS	Launched in 2023	More established social media tool; fit is weaker but still in trust/legal-sensitive publishing workflow.								B2_queue
Currents AI	https://www.currents.one	Jennie Weng	https://www.producthunt.com/posts/currents-ai	Product Hunt maker	AI social research and newsletter generation	Free plan + Pro plan	Launched in 2025	Founder-facing growth tool with public pricing; strong outbound audience but moderate fit for PolicyPack.								B2_queue
SocialBee	https://socialbee.com	Ovi Negrean	https://www.producthunt.com/posts/socialbee-6cbaefb1-de90-4f34-b53f-7c1cf0ba9147	Product Hunt maker	AI-powered social media management platform	Paid SaaS with AI assistant	Launched in 2020 / AI launch visible later	Established SaaS, likely lower urgency than smaller founders, but still relevant for trust/legal positioning.								B2_queue
Sociality.io	https://sociality.io	Sociality.io team	https://www.producthunt.com/posts/sociality-io	Product Hunt team	Social media management and analytics	Paid SaaS / free trial motion	Launched earlier, active relaunches	More established team; keep as lower-priority comparison lead.								B2_queue
Travisnine	https://travisnine.com	Cheikh Bilal	https://www.producthunt.com/posts/travisnine	Product Hunt maker	LinkedIn personal brand post generation and scheduling	Likely paid SaaS	Launched in 2023	Solopreneur-focused and simple; likely better fit than dev-heavy products.								B2_queue
MeowMail	https://apps.shopify.com/meowmail	MeowMail team	https://www.producthunt.com/products/meowmail	Product Hunt product page	Email marketing with high deliverability	Free options	Launched in 2024	App-store style product; billing and public legal clarity may still need review.								B2_queue
Brain Mimic	https://brainmimic.com	Brain Mimic team	https://www.producthunt.com/products/brain-mimic	Product Hunt product page	Browser extension for AI writing assistance	Free options	Launched in 2024	Lightweight productivity tool with simple audience; possible fit for quick audit.								B2_queue
Xeder	https://xeder-app.web.app	Sanja Stepa	https://www.producthunt.com/products/xeder	Product Hunt maker	Chrome extension turning X feed into audio	$4.99 one-time payment	Launched in 2026	Tiny solo-style product with public payment; good fit for fast legal/trust cleanup.								B2_queue
Veltrix AI	https://veltrix.com	Veltrix team	https://www.producthunt.com/products/veltrix-ai	Product Hunt product page	AI business intelligence for small businesses	Free options	Launched in 2025	SMB analytics angle is relevant, though team seems more mature than ideal.								B2_queue
Dopplio	https://dopplio.com	Dopplio team	https://www.producthunt.com/products/dopplio	Product Hunt product page	AI-personalized sales videos for small businesses	Free options	Launched in 2024	Small-business messaging and clear paid motion; decent fit for legal/trust review.								B2_queue
Genbler	https://genbler.com	Genbler team	https://www.producthunt.com/posts/genbler	Product Hunt product page	AI photo and video creation for creators	Free options	Launched in 2024	Creator-focused and visual; likely lower urgency but still a possible fit.								B2_queue
AI Website Tool	https://aiwebsitetool.com	Ritik Bhardwaj	https://www.producthunt.com/posts/505159	Product Hunt maker	AI website generator	Free plan	Launched in 2024	Non-technical website-builder audience makes it a good fit for trust/legal education.								B2_queue
createwebsite.io	https://createwebsite.io	Rachindra Poudel	https://www.producthunt.com/posts/createwebsite-io	Product Hunt maker	AI website builder	Free options	Launched in 2023	Website-builder founders and customers usually under-optimize legal pages; useful target.								B2_queue
SiteSpeakAI	https://sitespeak.ai	SiteSpeakAI team	https://www.producthunt.com/posts/sitespeakai	Product Hunt product page	Custom AI assistant for website and docs	AI SaaS with likely paid plans	Launched in 2023	Customer-facing support/chatbot lane; fit is acceptable, though slightly more technical.								B2_queue
SamurAI	https://www.thesamur.ai	SamurAI team	https://www.producthunt.com/posts/ai-seo-my-site	Product Hunt product page	Custom AI chatbot for websites and communities	Paid SaaS / freemium motion	Launched in 2023	Support/community product, but public trust and billing clarity still matter.								B2_queue
Chatio.ai	https://chatio.ai	Ryan Morrison	https://www.producthunt.com/posts/chatio-ai	Product Hunt maker	No-code AI chatbot for websites	Free options	Launched in 2023	Solo-founder support product; good candidate for a lightweight legal/trust audit.								B2_queue
Robofy AI Chatbot	https://robofy.ai	Robofy team	https://www.producthunt.com/posts/robofy-ai-chatbot	Product Hunt product page	AI chatbot trained on website content	Free options	Launched in 2023	Simple support/chatbot use case with likely SMB customers; relevant.								B2_queue
Enrol AI	https://enrol.chat	Mifthas Haris	https://www.producthunt.com/posts/enrol-ai	Product Hunt maker	AI chatbot for engagement, leads, and appointments	Free options	Launched in 2023	Targets startups, SMEs, and e-stores; stronger fit than more technical SaaS.								B2_queue
Kotae	https://kotae.ai	Ujjwal Mishra	https://www.producthunt.com/posts/kotae	Product Hunt maker	AI chatbot for lead generation and support	Free options	Launched in 2025	Targets websites and SMB-style setups; decent fit and now easier to contact.								B2_queue
SiteGPT	https://sitegpt.ai	Bhanu Teja Pachipulusu	https://www.producthunt.com/posts/sitegpt	Product Hunt maker	Website chatbot trained on site content	Payment required	Launched in 2023	Founders in this lane still need strong trust/legal pages, though they may be more technical.								B2_queue
AIChatbot	https://www.aichatbot.so	AIChatbot team	https://www.producthunt.com/posts/aichatbot-2	Product Hunt product page	Conversational chatbot for sales and support	Free options + paid plans	Launched in 2023	SMB/e-commerce-facing and billing-related workflows; relevant for audit outreach.								B2_queue
DocsBot AI	https://docsbot.ai	DocsBot AI team	https://www.producthunt.com/products/docsbot-ai	Product Hunt product page	AI answers from docs for support and teams	Free options + paid plans	Launched in 2023	More mature, but strong similarity to our support/legal trust angle makes it a good benchmark lead.								B2_queue
Desku	https://desku.io	Gaurav Nagani	https://www.producthunt.com/products/desku	Product Hunt maker	AI customer support automation platform	Free options + paid plans	Launched in 2023	SMB/DTC support focus with leaner buyer profile than enterprise help desks.								B2_queue
My AskAI	https://myaskai.com	My AskAI team	https://www.producthunt.com/products/my-askai	Product Hunt product page	AI support assistant built for SaaS	Likely paid SaaS plans	Launched in 2022	Still slightly technical, but SaaS customer-facing trust workflows make it relevant.								B2_queue
CX Genie	https://cxgenie.ai	CX Genie team	https://www.producthunt.com/products/cx-genie	Product Hunt product page	No-code AI-powered customer support solutions	App-led paid motion	Launched in 2024	Customer support SaaS with public launch momentum; moderate fit.								B2_queue
Brainwave	https://brainwave.cc	Brainwave team	https://www.producthunt.com/posts/brainwave-3	Product Hunt product page	AI automation for customer service answers and processes	Likely paid SaaS	Launched in 2023	Support automation buyer profile is relevant, though team may be more advanced than ideal.								B2_queue
Ping Parrot	https://pingparrot.com	Idan Masas	https://www.producthunt.com/products/ping-parrot	Product Hunt maker	AI website chatbot for support	Free options	Launched in 2024	Indie-style maker and very straightforward use case; strong fit for our revised targeting.								B2_queue
Intelswift	https://intelswift.com	Intelswift team	https://www.producthunt.com/posts/intelswift-ai-agents-marketplace	Product Hunt product page	Customer service automation for SMBs	Likely paid SaaS	Launched in 2025	SMB-facing support automation positioning; moderate fit and worth testing later.								B2_queue
